Date,Last Name,Bloom Level,Lesson Code,Learning Resource Code,Question,Choice A,Choice B,Choice C,Choice D,Correct Choice,Explanation,Status
2026-08-17,Abesia,Knowledge,1,,Who defined AI as the science of making machines do things that would require intelligence done by men?,John McCarthy,Marvin Minsky,Allen Newell,Vincent Depaudhon,B,,
2026-08-17,Abesia,Understanding,1,,Which statement best explains AI in a modern view according to Horvitz (1990)?,AI is using computer-based methods for solving challenging tasks traditionally dependent on humans,AI brings all available knowledge to bear problem solving,Both A and B,None of these answers,A,,
2026-08-17,Abesia,Application,1,,"When an AI system gathers data from its environment to improve its performance, from which source of knowledge does it derive?",Human knowledge converted into a suitable format,Knowledge generated by the AI via data gathering,Knowledge generated by AI to support Emotional Intelligence,None of these answers,B,,
2026-08-17,Abesia,Analysis,1,,"Which statement correctly contrasts the differences between humans and computers?","Humans use discrete binary logic, while computers use continuous fuzzy logic","Humans must be programmed, while computers have the capacity to learn",Humans use electrochemical storage while computers use electrionic/magnetic storage,Humans have unlimited memory while computers are limited,C,,
2026-08-17,Abesia,Evaluation,1,,"A tech company claims that its new chatbot truly understands human language simply because it can rephrase what users type and give realistic replies. Do you think this claim is right?
","Yes, because having the idea that it can reply is already a proof of it","Yes, because conversational responses require biological brain cells","No, because simply repeating and rephrasing text using grammar roles is not genuine understanding","No, because it is not enough",C,,
2026-08-17,Abesia,Synthesis,1,,Choose the option that best synthesizes why AI collapsed in the 1970s.,Humans made unrealistic claims and did not fulfill their expectations,Humans did not fund it enough,Humans are not interested in AI anymore,Humans focused more on the “landing on the moon” mission,A,,
2026-08-17,Mayores,Knowledge,1,,Which of the following people did NOT provide a definition of Artificial Intelligence?,Marvin Minsky,Howard Gardner,Allen Newell,Eric Horvitz,B,,
2026-08-17,Mayores,Understanding,1,,Why does the reading classify robotics under AI even though the robot's manipulator arm is purely a mechanical component?,Because the arm can learn new movements through repetition over time,Because the intelligence sits in how the control unit interprets sensor input and direct's the arm's actions,"Because the arm requries a power source, and a power source is what qualifies a system as intelligent",Because the manipulator arm processes natural language commands directly,B,,
2026-08-17,Mayores,Application,1,,"A system is designed to autonomously navigate a hazardous environment to ensure its own power source is maintained. According to Kevin Warwick's general definition, what is this system primarily exhibiting?",Nature-only traits,Intelligence for survival,Biological respiration,IQ-based logic,B,,
2026-08-17,Mayores,Analysis,1,,"Why would an expert system like MYCIN struggle with ordinary, everyday situations requiring common sense?",Because it lacks a power source needed to process real-time sensor data,Because it was designed before natural language processing existed,Because it relies on physical manipulators to interact with real-life ambiguity,"Because it's built around a narrow, specific domain of expertise, and can't reason outside that pre-programmed scope the way general common sense needs",D,,
2026-08-17,Mayores,Evaluation,1,,"According to the ""Alien View"" discussed in A2, on what grounds might an outside observer evalaute a global communications network as the primary intelligent life form on Earth, rather than humans?","Humans are biologically limited because they cannot perceive ultraviolet, ultrasonic, or X-ray signals","The network satisfies biological indications of life, while humans appear to be simpler, drone-like beings serving its functions","A pure count of neural-type cells in a networked ""brain"" would prove it is more complex than a 100-billion-neuron human brain.",Human intelligence is too subjective and restricted by cultural biases such as preference for rock music,B,,
2026-08-17,Mayores,Synthesis,1,,"You want an agent that plays chess well against novel opponents and can explain its reasoning afterwards with natural language. Which two AI subfields from the reading are essential to prioritize, and which are comparatively less important for this specific goal?",Vision Systems and Speech Recognition are essential while Game Playing and NLP are less critical,Game Playing and Vision Systems are essential while NLP and Speech Recognition are less Critical,Expert Systems and Robotics are essential while Game Playing and NLP are less critical,Game Playing and NLP are essential while Vision Systems and Speech Recognition are less critical,D,,
2026-08-17,Palanas,Knowledge,1,,Who coined the term Artificial Intelligence?,Tim-Burners Lee,Theodore Simon,Erving Goffman,John McCarthy,D,,
2026-08-17,Palanas,Understanding,1,,Which of the following is a concept of nurture?,Genetic makeup,Nationality,Upbringing,Born wealth,C,,
2026-08-17,Palanas,Application,1,,A teacher wants to evaluate the intelligence of their student using a test. What branch of intelligence in Sternberg’s Triarchic Theory of intelligence is the teacher applying?,Interpersonal,Experimental,Contextual,Componential,D,,
2026-08-17,Palanas,Analysis,1,,Distinguish between Animal Intelligence and Human Intelligence,"Animal intelligence is only focused on their reasoning and profiting from good experiences, while human intelligence is only about forming patterns","Animal intelligence is a variety of information-processing abilities that enable a being to autonomously pursue survival, while human intelligence is a combination of a human being’s ability to learn, pose problems, and solve problems","Animal intelligence is based on their judgement, common sense, and initiative, while human intelligence only cares for their need for survival","Animals have a lower intelligence level, while humans are more intelligent",B,,
2026-08-17,Palanas,Evaluation,1,,What reasoning best criticizes the Turing Test and its goal to distinguish between a human and a machine?,The test fails to consider the emotional and creative thinking of humans,Humans were often seen as robots during the experiment,Machine behavior is never able to influence the interrogator into thinking that it is a human,The test was too expensive,A,,
2026-08-17,Palanas,Synthesis,1,,"We say that human traits lie in their capacity to learn, think, problem-solve, and have common sense. If a computer copies these traits during the Turing test, what is the best way the human can persuade the interrogator to think he is a human?",Show their analytical and computational skills,Show their deductive reasoning,Show their ability to follow instructions,Show their creativity in art and common sense,D,,
2026-08-17,Tomagan,Knowledge,1,,Where does an AI system's knowledge come from?,Human knowledge that converted to machine format and the one that AI generates,From the wep applications online and social media posts,From its built-in emotions,From user's browsing history,A,,
2026-08-17,Tomagan,Understanding,1,,Why is intelligence hard to define?,"Because only IQ tests can define it, and they're expensive","Because definition changes across time, species, culture, and context",Because intelligence doesn't really exist at all,Because scientists have simply been too lazy to agree on one,B,,
2026-08-17,Tomagan,Application,1,,"How would you use AI, which is designed to solve problems intelligently, to create an essay about emotions and judgement?",Prompt everything to AI.,"Let AI come up with the idea, then you revise it.","Brainstorm your idea with AI and let it handle only the technical part, like grammar.",,C,,
2026-08-17,Tomagan,Analysis,1,,"If IQ tests mainly predict exam performance but not job performance, what does that tell us about what they actually measure?",They measure job performance,They measure every kind of intelligence equally,They prove IQ and intelligence are exactly the same thing,"They measure a narrow, examination type skills, not general intelligence",D,,
2026-08-17,Tomagan,Evaluation,1,,Do you think the Turing Test settles what thinking is and defines real intelligence?,"No, because it only captures behavior, not actual understanding.","Yes, because passing the test proves a machine is truly conscious.","No, because computers cannot be tested against humans at all.","Yes, because it is compared directly to a human.",A,,
2026-08-17,Tomagan,Synthesis,1,,"AI moved from a philosophical question of ""can machines think?"" to practical, real-world systems. During the AI winter, AI development slowed down. Based on the synthesis of the topic, what enabled AI's further development?",By halting all funding until a perfect thinking machine was built.,"By building AI that solves useful problems, rather than machines that think exactly like humans.",By proving philosophically that machines can definitely think like humans.,By ignoring computing power improvements and focusing only on theory.,B,,
2026-08-20,Abesia,Knowledge,2,,Which of the following is one of the four essential conditions of a well-defined problem,Inevocable control strategy,Personal ownership and commitment,Extension truth table,Automated conflict resolution,B,,
2026-08-20,Abesia,Understanding,2,,"What makes a computer program a true ""knowledge-based system"" rather than a standard software program?",It runs faster than traditional procedural programs,It guarantees 100% accuracy on every calculation,It produces decisions by reasoning over an explicit collection of represented beliefs,"It relies entirely on hardcoded, compiled rules distributed throughout its functions",C,,
2026-08-20,Abesia,Application,2,,A developer is creating an expert system to diagnose rare plant diseases from a small list of known conditions by asking users about specific leaf symptoms. Which inference method should be used? , Forward chaining,Backward Chaining,Progression Planning, Exhaustive state-space search ,B,,
2026-08-20,Abesia,Analysis,2,,"A company wants to store large customer transaction histories that change continuously and are updated by data-entry staff. Mr. Ortula, the company's consultant, suggests building a full Knowledge-Based System (KBS) for this task. Based on the system's operational requirements, why is Mr. Ortula's proposal an architectural mismatch?","A KBS handles small, expert rules, while a DBMS is built for large, clerk-updated records",A KBS cannot save basic numbers or text,A standard DBMS already performs full automated reasoning on its own,"It isn't a mismatch, just trust Mr. Ortula's suggestion",A,,
2026-08-20,Abesia,Evaluation,2,,An engineer wants to use an irrevocable control strategy where rule firing order does not risk losing the goal. What property must the production system have to justify this choice?,Non-monotonicity,Commutativity,Refraction,Extensionality,B,,
2026-08-20,Abesia,Synthesis,2,,Andrei needs to diagnose which of four specific blood disorders matches a patient's symptoms. Which setup is best suited for this task?,Forward chaining with a neural network,Backward chaining with a rule-based system,Forward chaining only,Random search with a database table,B,,
2026-08-20,Mayores,Knowledge,2,,What are the first 3 steps of Polya's Process?,"Understand, Plan, Implement","Identify, Define, Represent","Problem Definition, Problem Analysis, Technique Selection","Understand, Represent, Implement",A,,
2026-08-20,Mayores,Understanding,2,,"A system starts with known facts of a case, works forward step by step until it reaches a conclusion. Which inference strategy is this?",Backwards chaining,Forwards chaining,Problem Reduction,Problem Abduction,B,,
2026-08-20,Mayores,Application,2,,"A cybersecurity analyst discovers that customer data was leaked. Starting from the exact record where the leak was detected, the analyst traces the system logs step by step to reconstruct how the attacker originally gained access. Which problem-solving technique is the analyst applying?",Forward chaining,Working backward,Divide and conquer,Exhaustive Enumeration,B,,
2026-08-20,Mayores,Analysis,2,,"""Solving a subproblem"" and ""solving a subgoal"" are both ways of breaking a problem into parts, but they differ in a structural way. Which best captures that difference?","Subgoals can be solved in any order, while subproblems must follow a strict sequence","Subproblems are solved independently of each other (ex. finding odd factors, then even factors) while subgoals are dependencies where the main goal cannot be reached until each subgoal is solved first",Subproblems and subgoals are interchangeable terms for the same technique,"Subgoals only apply to mathematical problems, subproblems only apply to logic puzzles",B,,
2026-08-20,Mayores,Evaluation,2,,"The state space method has listed deficiencies (cannot display all states, resource-limited, time-consuming, doesn't learn from mistakes). Which of these does problem reduction (AND-OR graphs) fail to fix?",The massive and monolithic nature of the state space,The inability to display all states for a large problem,The system's tendency not to learn from past mistakes and repeat them,Time-consuming exhaustive representation,C,,
2026-08-20,Mayores,Synthesis,2,,"Modeling ""pass this semseter"" as an AND-OR graph, which combination correctly represents it?",A single AND branch only where every requirements must be met with no alternative paths at all,"All requirements combined under AND (pass every required course), with OR used only where any one of several interchangeable options satisfies a single requirement (e.g. General Elective, Qualfied Elective)",Only OR branches,AND-OR graphs cannot represent a goal like this,B,,
2026-08-20,Palanas,Knowledge,2,,It illustrates the human brain's ability to process information and the need for AI to fall within its boundaries.,Human limit,Human door,Human window,Human interval,C,,
2026-08-20,Palanas,Understanding,2,,Which of the following best summarizes the concept of proving by deduction?,Reaching a conclusion from some facts that logically flow from one another,Considering every possibility in a search space,Describing a problem in terms of itself,Breaking up a problem and solving it into smaller parts,A,,
2026-08-20,Palanas,Application,2,,Which of the following situations is a good example of a heuristic being applied?,A poker player who counts cards to know the remaining cards in the deck,A statistician calculating the exact value of a population’s parameter using various formulas,A delivery driver using the fastest delivery route to a customer,A student guessing a country by guessing its continent despite not knowing exactly where it is,D,,
2026-08-20,Palanas,Analysis,2,,How does the concept of a knowledge base play its role in the stages of an Expert System’s life cycle?,It collects the input of the user and communicates to the system how to find the answer,It evaluates the reasoning process of the system and  modifies it when errors occur,It creates the backtrack on how an answer was derived,It stores the facts and heuristics of a system that are used to derive conclusions,D,,
2026-08-20,Palanas,Evaluation,2,,"Based on the concept of Expert Systems, how can we say that these systems are sometimes limited in their capacity to give answers?",They fail outside of their domain of expertise,It requires too much computing power to create in-depth answers,The error rates make the answers untrustworthy,Answers from expert systems are not consistent if asked the same question twice,A,,
2026-08-20,Palanas,Synthesis,2,,A Knowledge-Based System needs to explain why it made a decision. Which feature should be added?,Larger database,Explanation facility,Inference engine,More input devices,B,,
2026-08-20,Tomagan,Knowledge,2,,What is the difference between procedural knowledge and declarative knowledge?,Declarative is always faster to execute; procedural is always easier to modify.,Procedural supports inference over the general statements while declarative often expressed as procedures over rules.,Declarative states facts and relationships; procedural encodes how to perform tasks.,Declarative encodes how to perform tasks; procedural states facts and relationships.,C,,
2026-08-20,Tomagan,Understanding,2,,Why do we need to represent knowledge explicitly in a knowledge-based system?,"It makes intelligent behavior easier to inspect, extend, reuse, and explain",Because a problem can only be solved if all its knowledge is made explicit.,Because it's easier for programmers to write than hard-coded procedures.,Because explicit knowledge always makes the system run faster at runtime.,A,,
2026-08-20,Tomagan,Application,2,,"A production system keeps firing the same rule over and over, causing an infinite loop. Which conflict resolution strategy should be applied to stop this?",Refraction,Order,Specificity,Recency,A,,
2026-08-20,Tomagan,Analysis,2,,"A student has a huge assignment and decides to finish it first by completing the research, then the outline, and finally the writing. What problem-solving technique is the student using?",Exhaustive enumeration,Divide and conquer,Deduction,Contradiction,B,,
2026-08-20,Tomagan,Evaluation,2,,"A solution has been tested several times and consistently reaches the goal. However, a simpler solution is available that reaches the same goal. Which conclusion is most reasonable?",The original solution must be used because it was tested first.,Both solutions must have the same efficiency.,The original solution should be rejected as incorrect.,The simpler solution should be considered because it may be more efficient.,D,,
2026-08-20,Tomagan,Synthesis,2,,"Which statement best combines how knowledge, representation, and reasoning work together in a knowledge-based system?","Knowledge is stored as symbols, but reasoning is only used to store more facts, not to derive new ones.",Reasoning replaces the need for any stored knowledge at all.,"Symbols stand for what the system believes, and reasoning manipulates those symbols to produce new beliefs the system never had to be told directly.",Representation and reasoning are separate systems that never interact.,C,,
2026-08-24,Abesia,Knowledge,3,,,,,,,,,
2026-08-24,Abesia,Understanding,3,,,,,,,,,
2026-08-24,Abesia,Application,3,,,,,,,,,
2026-08-24,Abesia,Analysis,3,,,,,,,,,
2026-08-24,Abesia,Evaluation,3,,,,,,,,,
2026-08-24,Abesia,Synthesis,3,,,,,,,,,
2026-08-24,Mayores,Knowledge,3,,,,,,,,,
2026-08-24,Mayores,Understanding,3,,,,,,,,,
2026-08-24,Mayores,Application,3,,,,,,,,,
2026-08-24,Mayores,Analysis,3,,,,,,,,,
2026-08-24,Mayores,Evaluation,3,,,,,,,,,
2026-08-24,Mayores,Synthesis,3,,,,,,,,,
2026-08-24,Palanas,Knowledge,3,,,,,,,,,
2026-08-24,Palanas,Understanding,3,,,,,,,,,
2026-08-24,Palanas,Application,3,,,,,,,,,
2026-08-24,Palanas,Analysis,3,,,,,,,,,
2026-08-24,Palanas,Evaluation,3,,,,,,,,,
2026-08-24,Palanas,Synthesis,3,,,,,,,,,
2026-08-24,Tomagan,Knowledge,3,,What does the letter h stand for in the A* formula f = g+h,The height of the search tree,The value of the root node,The number of moves already made,The estimated cost from the current node to the goal,D,,
2026-08-24,Tomagan,Understanding,3,,What is the difference between forward search and backward search?,Forward search is goal-driven; backward search is data-driven.,Forward search is used when you have a lot of goals; backward search is used when you have lots of rules.,Forward search starts from the initial state and applies rules toward the goal; backward search starts at the goal and finds rules that would produce it.,"Forward search only searches the search space forward, and backward search walks backward.",C,,
2026-08-24,Tomagan,Application,3,,,,,,,,,
2026-08-24,Tomagan,Analysis,3,,,,,,,,,
2026-08-24,Tomagan,Evaluation,3,,,,,,,,,
2026-08-24,Tomagan,Synthesis,3,,,,,,,,,
2026-08-27,Abesia,Knowledge,4,,,,,,,,,
2026-08-27,Abesia,Understanding,4,,,,,,,,,
2026-08-27,Abesia,Application,4,,,,,,,,,
2026-08-27,Abesia,Analysis,4,,,,,,,,,
2026-08-27,Abesia,Evaluation,4,,,,,,,,,
2026-08-27,Abesia,Synthesis,4,,,,,,,,,
2026-08-27,Mayores,Knowledge,4,,,,,,,,,
2026-08-27,Mayores,Understanding,4,,,,,,,,,
2026-08-27,Mayores,Application,4,,,,,,,,,
2026-08-27,Mayores,Analysis,4,,,,,,,,,
2026-08-27,Mayores,Evaluation,4,,,,,,,,,
2026-08-27,Mayores,Synthesis,4,,,,,,,,,
2026-08-27,Palanas,Knowledge,4,,,,,,,,,
2026-08-27,Palanas,Understanding,4,,,,,,,,,
2026-08-27,Palanas,Application,4,,,,,,,,,
2026-08-27,Palanas,Analysis,4,,,,,,,,,
2026-08-27,Palanas,Evaluation,4,,,,,,,,,
2026-08-27,Palanas,Synthesis,4,,,,,,,,,
2026-08-27,Tomagan,Knowledge,4,,,,,,,,,
2026-08-27,Tomagan,Understanding,4,,,,,,,,,
2026-08-27,Tomagan,Application,4,,,,,,,,,
2026-08-27,Tomagan,Analysis,4,,,,,,,,,
2026-08-27,Tomagan,Evaluation,4,,,,,,,,,
2026-08-27,Tomagan,Synthesis,4,,,,,,,,,
2026-08-31,Abesia,Knowledge,5,,,,,,,,,
2026-08-31,Abesia,Understanding,5,,,,,,,,,
2026-08-31,Abesia,Application,5,,,,,,,,,
2026-08-31,Abesia,Analysis,5,,,,,,,,,
2026-08-31,Abesia,Evaluation,5,,,,,,,,,
2026-08-31,Abesia,Synthesis,5,,,,,,,,,
2026-08-31,Mayores,Knowledge,5,,,,,,,,,
2026-08-31,Mayores,Understanding,5,,,,,,,,,
2026-08-31,Mayores,Application,5,,,,,,,,,
2026-08-31,Mayores,Analysis,5,,,,,,,,,
2026-08-31,Mayores,Evaluation,5,,,,,,,,,
2026-08-31,Mayores,Synthesis,5,,,,,,,,,
2026-08-31,Palanas,Knowledge,5,,,,,,,,,
2026-08-31,Palanas,Understanding,5,,,,,,,,,
2026-08-31,Palanas,Application,5,,,,,,,,,
2026-08-31,Palanas,Analysis,5,,,,,,,,,
2026-08-31,Palanas,Evaluation,5,,,,,,,,,
2026-08-31,Palanas,Synthesis,5,,,,,,,,,
2026-08-31,Tomagan,Knowledge,5,,,,,,,,,
2026-08-31,Tomagan,Understanding,5,,,,,,,,,
2026-08-31,Tomagan,Application,5,,,,,,,,,
2026-08-31,Tomagan,Analysis,5,,,,,,,,,
2026-08-31,Tomagan,Evaluation,5,,,,,,,,,
2026-08-31,Tomagan,Synthesis,5,,,,,,,,,
2026-09-03,Abesia,Knowledge,6,,,,,,,,,
2026-09-03,Abesia,Understanding,6,,,,,,,,,
2026-09-03,Abesia,Application,6,,,,,,,,,
2026-09-03,Abesia,Analysis,6,,,,,,,,,
2026-09-03,Abesia,Evaluation,6,,,,,,,,,
2026-09-03,Abesia,Synthesis,6,,,,,,,,,
2026-09-03,Mayores,Knowledge,6,,,,,,,,,
2026-09-03,Mayores,Understanding,6,,,,,,,,,
2026-09-03,Mayores,Application,6,,,,,,,,,
2026-09-03,Mayores,Analysis,6,,,,,,,,,
2026-09-03,Mayores,Evaluation,6,,,,,,,,,
2026-09-03,Mayores,Synthesis,6,,,,,,,,,
2026-09-03,Palanas,Knowledge,6,,,,,,,,,
2026-09-03,Palanas,Understanding,6,,,,,,,,,
2026-09-03,Palanas,Application,6,,,,,,,,,
2026-09-03,Palanas,Analysis,6,,,,,,,,,
2026-09-03,Palanas,Evaluation,6,,,,,,,,,
2026-09-03,Palanas,Synthesis,6,,,,,,,,,
2026-09-03,Tomagan,Knowledge,6,,,,,,,,,
2026-09-03,Tomagan,Understanding,6,,,,,,,,,
2026-09-03,Tomagan,Application,6,,,,,,,,,
2026-09-03,Tomagan,Analysis,6,,,,,,,,,
2026-09-03,Tomagan,Evaluation,6,,,,,,,,,
2026-09-03,Tomagan,Synthesis,6,,,,,,,,,
2026-09-07,Abesia,Knowledge,7,,,,,,,,,
2026-09-07,Abesia,Understanding,7,,,,,,,,,
2026-09-07,Abesia,Application,7,,,,,,,,,
2026-09-07,Abesia,Analysis,7,,,,,,,,,
2026-09-07,Abesia,Evaluation,7,,,,,,,,,
2026-09-07,Abesia,Synthesis,7,,,,,,,,,
2026-09-07,Mayores,Knowledge,7,,,,,,,,,
2026-09-07,Mayores,Understanding,7,,,,,,,,,
2026-09-07,Mayores,Application,7,,,,,,,,,
2026-09-07,Mayores,Analysis,7,,,,,,,,,
2026-09-07,Mayores,Evaluation,7,,,,,,,,,
2026-09-07,Mayores,Synthesis,7,,,,,,,,,
2026-09-07,Palanas,Knowledge,7,,,,,,,,,
2026-09-07,Palanas,Understanding,7,,,,,,,,,
2026-09-07,Palanas,Application,7,,,,,,,,,
2026-09-07,Palanas,Analysis,7,,,,,,,,,
2026-09-07,Palanas,Evaluation,7,,,,,,,,,
2026-09-07,Palanas,Synthesis,7,,,,,,,,,
2026-09-07,Tomagan,Knowledge,7,,,,,,,,,
2026-09-07,Tomagan,Understanding,7,,,,,,,,,
2026-09-07,Tomagan,Application,7,,,,,,,,,
2026-09-07,Tomagan,Analysis,7,,,,,,,,,
2026-09-07,Tomagan,Evaluation,7,,,,,,,,,
2026-09-07,Tomagan,Synthesis,7,,,,,,,,,
2026-09-10,Abesia,Knowledge,8,,,,,,,,,
2026-09-10,Abesia,Understanding,8,,,,,,,,,
2026-09-10,Abesia,Application,8,,,,,,,,,
2026-09-10,Abesia,Analysis,8,,,,,,,,,
2026-09-10,Abesia,Evaluation,8,,,,,,,,,
2026-09-10,Abesia,Synthesis,8,,,,,,,,,
2026-09-10,Mayores,Knowledge,8,,,,,,,,,
2026-09-10,Mayores,Understanding,8,,,,,,,,,
2026-09-10,Mayores,Application,8,,,,,,,,,
2026-09-10,Mayores,Analysis,8,,,,,,,,,
2026-09-10,Mayores,Evaluation,8,,,,,,,,,
2026-09-10,Mayores,Synthesis,8,,,,,,,,,
2026-09-10,Palanas,Knowledge,8,,,,,,,,,
2026-09-10,Palanas,Understanding,8,,,,,,,,,
2026-09-10,Palanas,Application,8,,,,,,,,,
2026-09-10,Palanas,Analysis,8,,,,,,,,,
2026-09-10,Palanas,Evaluation,8,,,,,,,,,
2026-09-10,Palanas,Synthesis,8,,,,,,,,,
2026-09-10,Tomagan,Knowledge,8,,,,,,,,,
2026-09-10,Tomagan,Understanding,8,,,,,,,,,
2026-09-10,Tomagan,Application,8,,,,,,,,,
2026-09-10,Tomagan,Analysis,8,,,,,,,,,
2026-09-10,Tomagan,Evaluation,8,,,,,,,,,
2026-09-10,Tomagan,Synthesis,8,,,,,,,,,
2026-09-14,Abesia,Knowledge,,,,,,,,,,
2026-09-14,Abesia,Understanding,,,,,,,,,,
2026-09-14,Abesia,Application,,,,,,,,,,
2026-09-14,Abesia,Analysis,,,,,,,,,,
2026-09-14,Abesia,Evaluation,,,,,,,,,,
2026-09-14,Abesia,Synthesis,,,,,,,,,,
2026-09-14,Mayores,Knowledge,,,,,,,,,,
2026-09-14,Mayores,Understanding,,,,,,,,,,
2026-09-14,Mayores,Application,,,,,,,,,,
2026-09-14,Mayores,Analysis,,,,,,,,,,
2026-09-14,Mayores,Evaluation,,,,,,,,,,
2026-09-14,Mayores,Synthesis,,,,,,,,,,
2026-09-14,Palanas,Knowledge,,,,,,,,,,
2026-09-14,Palanas,Understanding,,,,,,,,,,
2026-09-14,Palanas,Application,,,,,,,,,,
2026-09-14,Palanas,Analysis,,,,,,,,,,
2026-09-14,Palanas,Evaluation,,,,,,,,,,
2026-09-14,Palanas,Synthesis,,,,,,,,,,
2026-09-14,Tomagan,Knowledge,,,,,,,,,,
2026-09-14,Tomagan,Understanding,,,,,,,,,,
2026-09-14,Tomagan,Application,,,,,,,,,,
2026-09-14,Tomagan,Analysis,,,,,,,,,,
2026-09-14,Tomagan,Evaluation,,,,,,,,,,
2026-09-14,Tomagan,Synthesis,,,,,,,,,,
2026-09-17,Abesia,Knowledge,,,,,,,,,,
2026-09-17,Abesia,Understanding,,,,,,,,,,
2026-09-17,Abesia,Application,,,,,,,,,,
2026-09-17,Abesia,Analysis,,,,,,,,,,
2026-09-17,Abesia,Evaluation,,,,,,,,,,
2026-09-17,Abesia,Synthesis,,,,,,,,,,
2026-09-17,Mayores,Knowledge,,,,,,,,,,
2026-09-17,Mayores,Understanding,,,,,,,,,,
2026-09-17,Mayores,Application,,,,,,,,,,
2026-09-17,Mayores,Analysis,,,,,,,,,,
2026-09-17,Mayores,Evaluation,,,,,,,,,,
2026-09-17,Mayores,Synthesis,,,,,,,,,,
2026-09-17,Palanas,Knowledge,,,,,,,,,,
2026-09-17,Palanas,Understanding,,,,,,,,,,
2026-09-17,Palanas,Application,,,,,,,,,,
2026-09-17,Palanas,Analysis,,,,,,,,,,
2026-09-17,Palanas,Evaluation,,,,,,,,,,
2026-09-17,Palanas,Synthesis,,,,,,,,,,
2026-09-17,Tomagan,Knowledge,,,,,,,,,,
2026-09-17,Tomagan,Understanding,,,,,,,,,,
2026-09-17,Tomagan,Application,,,,,,,,,,
2026-09-17,Tomagan,Analysis,,,,,,,,,,
2026-09-17,Tomagan,Evaluation,,,,,,,,,,
2026-09-17,Tomagan,Synthesis,,,,,,,,,,
2026-09-21,Abesia,Knowledge,,,,,,,,,,
2026-09-21,Abesia,Understanding,,,,,,,,,,
2026-09-21,Abesia,Application,,,,,,,,,,
2026-09-21,Abesia,Analysis,,,,,,,,,,
2026-09-21,Abesia,Evaluation,,,,,,,,,,
2026-09-21,Abesia,Synthesis,,,,,,,,,,
2026-09-21,Mayores,Knowledge,,,,,,,,,,
2026-09-21,Mayores,Understanding,,,,,,,,,,
2026-09-21,Mayores,Application,,,,,,,,,,
2026-09-21,Mayores,Analysis,,,,,,,,,,
2026-09-21,Mayores,Evaluation,,,,,,,,,,
2026-09-21,Mayores,Synthesis,,,,,,,,,,
2026-09-21,Palanas,Knowledge,,,,,,,,,,
2026-09-21,Palanas,Understanding,,,,,,,,,,
2026-09-21,Palanas,Application,,,,,,,,,,
2026-09-21,Palanas,Analysis,,,,,,,,,,
2026-09-21,Palanas,Evaluation,,,,,,,,,,
2026-09-21,Palanas,Synthesis,,,,,,,,,,
2026-09-21,Tomagan,Knowledge,,,,,,,,,,
2026-09-21,Tomagan,Understanding,,,,,,,,,,
2026-09-21,Tomagan,Application,,,,,,,,,,
2026-09-21,Tomagan,Analysis,,,,,,,,,,
2026-09-21,Tomagan,Evaluation,,,,,,,,,,
2026-09-21,Tomagan,Synthesis,,,,,,,,,,
2026-09-24,Abesia,Knowledge,,,,,,,,,,
2026-09-24,Abesia,Understanding,,,,,,,,,,
2026-09-24,Abesia,Application,,,,,,,,,,
2026-09-24,Abesia,Analysis,,,,,,,,,,
2026-09-24,Abesia,Evaluation,,,,,,,,,,
2026-09-24,Abesia,Synthesis,,,,,,,,,,
2026-09-24,Mayores,Knowledge,,,,,,,,,,
2026-09-24,Mayores,Understanding,,,,,,,,,,
2026-09-24,Mayores,Application,,,,,,,,,,
2026-09-24,Mayores,Analysis,,,,,,,,,,
2026-09-24,Mayores,Evaluation,,,,,,,,,,
2026-09-24,Mayores,Synthesis,,,,,,,,,,
2026-09-24,Palanas,Knowledge,,,,,,,,,,
2026-09-24,Palanas,Understanding,,,,,,,,,,
2026-09-24,Palanas,Application,,,,,,,,,,
2026-09-24,Palanas,Analysis,,,,,,,,,,
2026-09-24,Palanas,Evaluation,,,,,,,,,,
2026-09-24,Palanas,Synthesis,,,,,,,,,,
2026-09-24,Tomagan,Knowledge,,,,,,,,,,
2026-09-24,Tomagan,Understanding,,,,,,,,,,
2026-09-24,Tomagan,Application,,,,,,,,,,
2026-09-24,Tomagan,Analysis,,,,,,,,,,
2026-09-24,Tomagan,Evaluation,,,,,,,,,,
2026-09-24,Tomagan,Synthesis,,,,,,,,,,
2026-09-28,Abesia,Knowledge,,,,,,,,,,
2026-09-28,Abesia,Understanding,,,,,,,,,,
2026-09-28,Abesia,Application,,,,,,,,,,
2026-09-28,Abesia,Analysis,,,,,,,,,,
2026-09-28,Abesia,Evaluation,,,,,,,,,,
2026-09-28,Abesia,Synthesis,,,,,,,,,,
2026-09-28,Mayores,Knowledge,,,,,,,,,,
2026-09-28,Mayores,Understanding,,,,,,,,,,
2026-09-28,Mayores,Application,,,,,,,,,,
2026-09-28,Mayores,Analysis,,,,,,,,,,
2026-09-28,Mayores,Evaluation,,,,,,,,,,
2026-09-28,Mayores,Synthesis,,,,,,,,,,
2026-09-28,Palanas,Knowledge,,,,,,,,,,
2026-09-28,Palanas,Understanding,,,,,,,,,,
2026-09-28,Palanas,Application,,,,,,,,,,
2026-09-28,Palanas,Analysis,,,,,,,,,,
2026-09-28,Palanas,Evaluation,,,,,,,,,,
2026-09-28,Palanas,Synthesis,,,,,,,,,,
2026-09-28,Tomagan,Knowledge,,,,,,,,,,
2026-09-28,Tomagan,Understanding,,,,,,,,,,
2026-09-28,Tomagan,Application,,,,,,,,,,
2026-09-28,Tomagan,Analysis,,,,,,,,,,
2026-09-28,Tomagan,Evaluation,,,,,,,,,,
2026-09-28,Tomagan,Synthesis,,,,,,,,,,
2026-10-01,Abesia,Knowledge,,,,,,,,,,
2026-10-01,Abesia,Understanding,,,,,,,,,,
2026-10-01,Abesia,Application,,,,,,,,,,
2026-10-01,Abesia,Analysis,,,,,,,,,,
2026-10-01,Abesia,Evaluation,,,,,,,,,,
2026-10-01,Abesia,Synthesis,,,,,,,,,,
2026-10-01,Mayores,Knowledge,,,,,,,,,,
2026-10-01,Mayores,Understanding,,,,,,,,,,
2026-10-01,Mayores,Application,,,,,,,,,,
2026-10-01,Mayores,Analysis,,,,,,,,,,
2026-10-01,Mayores,Evaluation,,,,,,,,,,
2026-10-01,Mayores,Synthesis,,,,,,,,,,
2026-10-01,Palanas,Knowledge,,,,,,,,,,
2026-10-01,Palanas,Understanding,,,,,,,,,,
2026-10-01,Palanas,Application,,,,,,,,,,
2026-10-01,Palanas,Analysis,,,,,,,,,,
2026-10-01,Palanas,Evaluation,,,,,,,,,,
2026-10-01,Palanas,Synthesis,,,,,,,,,,
2026-10-01,Tomagan,Knowledge,,,,,,,,,,
2026-10-01,Tomagan,Understanding,,,,,,,,,,
2026-10-01,Tomagan,Application,,,,,,,,,,
2026-10-01,Tomagan,Analysis,,,,,,,,,,
2026-10-01,Tomagan,Evaluation,,,,,,,,,,
2026-10-01,Tomagan,Synthesis,,,,,,,,,,
2026-10-05,Abesia,Knowledge,,,,,,,,,,
2026-10-05,Abesia,Understanding,,,,,,,,,,
2026-10-05,Abesia,Application,,,,,,,,,,
2026-10-05,Abesia,Analysis,,,,,,,,,,
2026-10-05,Abesia,Evaluation,,,,,,,,,,
2026-10-05,Abesia,Synthesis,,,,,,,,,,
2026-10-05,Mayores,Knowledge,,,,,,,,,,
2026-10-05,Mayores,Understanding,,,,,,,,,,
2026-10-05,Mayores,Application,,,,,,,,,,
2026-10-05,Mayores,Analysis,,,,,,,,,,
2026-10-05,Mayores,Evaluation,,,,,,,,,,
2026-10-05,Mayores,Synthesis,,,,,,,,,,
2026-10-05,Palanas,Knowledge,,,,,,,,,,
2026-10-05,Palanas,Understanding,,,,,,,,,,
2026-10-05,Palanas,Application,,,,,,,,,,
2026-10-05,Palanas,Analysis,,,,,,,,,,
2026-10-05,Palanas,Evaluation,,,,,,,,,,
2026-10-05,Palanas,Synthesis,,,,,,,,,,
2026-10-05,Tomagan,Knowledge,,,,,,,,,,
2026-10-05,Tomagan,Understanding,,,,,,,,,,
2026-10-05,Tomagan,Application,,,,,,,,,,
2026-10-05,Tomagan,Analysis,,,,,,,,,,
2026-10-05,Tomagan,Evaluation,,,,,,,,,,
2026-10-05,Tomagan,Synthesis,,,,,,,,,,
2026-10-08,Abesia,Knowledge,,,,,,,,,,
2026-10-08,Abesia,Understanding,,,,,,,,,,
2026-10-08,Abesia,Application,,,,,,,,,,
2026-10-08,Abesia,Analysis,,,,,,,,,,
2026-10-08,Abesia,Evaluation,,,,,,,,,,
2026-10-08,Abesia,Synthesis,,,,,,,,,,
2026-10-08,Mayores,Knowledge,,,,,,,,,,
2026-10-08,Mayores,Understanding,,,,,,,,,,
2026-10-08,Mayores,Application,,,,,,,,,,
2026-10-08,Mayores,Analysis,,,,,,,,,,
2026-10-08,Mayores,Evaluation,,,,,,,,,,
2026-10-08,Mayores,Synthesis,,,,,,,,,,
2026-10-08,Palanas,Knowledge,,,,,,,,,,
2026-10-08,Palanas,Understanding,,,,,,,,,,
2026-10-08,Palanas,Application,,,,,,,,,,
2026-10-08,Palanas,Analysis,,,,,,,,,,
2026-10-08,Palanas,Evaluation,,,,,,,,,,
2026-10-08,Palanas,Synthesis,,,,,,,,,,
2026-10-08,Tomagan,Knowledge,,,,,,,,,,
2026-10-08,Tomagan,Understanding,,,,,,,,,,
2026-10-08,Tomagan,Application,,,,,,,,,,
2026-10-08,Tomagan,Analysis,,,,,,,,,,
2026-10-08,Tomagan,Evaluation,,,,,,,,,,
2026-10-08,Tomagan,Synthesis,,,,,,,,,,
2026-10-12,Abesia,Knowledge,,,,,,,,,,
2026-10-12,Abesia,Understanding,,,,,,,,,,
2026-10-12,Abesia,Application,,,,,,,,,,
2026-10-12,Abesia,Analysis,,,,,,,,,,
2026-10-12,Abesia,Evaluation,,,,,,,,,,
2026-10-12,Abesia,Synthesis,,,,,,,,,,
2026-10-12,Mayores,Knowledge,,,,,,,,,,
2026-10-12,Mayores,Understanding,,,,,,,,,,
2026-10-12,Mayores,Application,,,,,,,,,,
2026-10-12,Mayores,Analysis,,,,,,,,,,
2026-10-12,Mayores,Evaluation,,,,,,,,,,
2026-10-12,Mayores,Synthesis,,,,,,,,,,
2026-10-12,Palanas,Knowledge,,,,,,,,,,
2026-10-12,Palanas,Understanding,,,,,,,,,,
2026-10-12,Palanas,Application,,,,,,,,,,
2026-10-12,Palanas,Analysis,,,,,,,,,,
2026-10-12,Palanas,Evaluation,,,,,,,,,,
2026-10-12,Palanas,Synthesis,,,,,,,,,,
2026-10-12,Tomagan,Knowledge,,,,,,,,,,
2026-10-12,Tomagan,Understanding,,,,,,,,,,
2026-10-12,Tomagan,Application,,,,,,,,,,
2026-10-12,Tomagan,Analysis,,,,,,,,,,
2026-10-12,Tomagan,Evaluation,,,,,,,,,,
2026-10-12,Tomagan,Synthesis,,,,,,,,,,
2026-10-15,Abesia,Knowledge,,,,,,,,,,
2026-10-15,Abesia,Understanding,,,,,,,,,,
2026-10-15,Abesia,Application,,,,,,,,,,
2026-10-15,Abesia,Analysis,,,,,,,,,,
2026-10-15,Abesia,Evaluation,,,,,,,,,,
2026-10-15,Abesia,Synthesis,,,,,,,,,,
2026-10-15,Mayores,Knowledge,,,,,,,,,,
2026-10-15,Mayores,Understanding,,,,,,,,,,
2026-10-15,Mayores,Application,,,,,,,,,,
2026-10-15,Mayores,Analysis,,,,,,,,,,
2026-10-15,Mayores,Evaluation,,,,,,,,,,
2026-10-15,Mayores,Synthesis,,,,,,,,,,
2026-10-15,Palanas,Knowledge,,,,,,,,,,
2026-10-15,Palanas,Understanding,,,,,,,,,,
2026-10-15,Palanas,Application,,,,,,,,,,
2026-10-15,Palanas,Analysis,,,,,,,,,,
2026-10-15,Palanas,Evaluation,,,,,,,,,,
2026-10-15,Palanas,Synthesis,,,,,,,,,,
2026-10-15,Tomagan,Knowledge,,,,,,,,,,
2026-10-15,Tomagan,Understanding,,,,,,,,,,
2026-10-15,Tomagan,Application,,,,,,,,,,
2026-10-15,Tomagan,Analysis,,,,,,,,,,
2026-10-15,Tomagan,Evaluation,,,,,,,,,,
2026-10-15,Tomagan,Synthesis,,,,,,,,,,
2026-10-19,Abesia,Knowledge,,,,,,,,,,
2026-10-19,Abesia,Understanding,,,,,,,,,,
2026-10-19,Abesia,Application,,,,,,,,,,
2026-10-19,Abesia,Analysis,,,,,,,,,,
2026-10-19,Abesia,Evaluation,,,,,,,,,,
2026-10-19,Abesia,Synthesis,,,,,,,,,,
2026-10-19,Mayores,Knowledge,,,,,,,,,,
2026-10-19,Mayores,Understanding,,,,,,,,,,
2026-10-19,Mayores,Application,,,,,,,,,,
2026-10-19,Mayores,Analysis,,,,,,,,,,
2026-10-19,Mayores,Evaluation,,,,,,,,,,
2026-10-19,Mayores,Synthesis,,,,,,,,,,
2026-10-19,Palanas,Knowledge,,,,,,,,,,
2026-10-19,Palanas,Understanding,,,,,,,,,,
2026-10-19,Palanas,Application,,,,,,,,,,
2026-10-19,Palanas,Analysis,,,,,,,,,,
2026-10-19,Palanas,Evaluation,,,,,,,,,,
2026-10-19,Palanas,Synthesis,,,,,,,,,,
2026-10-19,Tomagan,Knowledge,,,,,,,,,,
2026-10-19,Tomagan,Understanding,,,,,,,,,,
2026-10-19,Tomagan,Application,,,,,,,,,,
2026-10-19,Tomagan,Analysis,,,,,,,,,,
2026-10-19,Tomagan,Evaluation,,,,,,,,,,
2026-10-19,Tomagan,Synthesis,,,,,,,,,,
2026-10-22,Abesia,Knowledge,,,,,,,,,,
2026-10-22,Abesia,Understanding,,,,,,,,,,
2026-10-22,Abesia,Application,,,,,,,,,,
2026-10-22,Abesia,Analysis,,,,,,,,,,
2026-10-22,Abesia,Evaluation,,,,,,,,,,
2026-10-22,Abesia,Synthesis,,,,,,,,,,
2026-10-22,Mayores,Knowledge,,,,,,,,,,
2026-10-22,Mayores,Understanding,,,,,,,,,,
2026-10-22,Mayores,Application,,,,,,,,,,
2026-10-22,Mayores,Analysis,,,,,,,,,,
2026-10-22,Mayores,Evaluation,,,,,,,,,,
2026-10-22,Mayores,Synthesis,,,,,,,,,,
2026-10-22,Palanas,Knowledge,,,,,,,,,,
2026-10-22,Palanas,Understanding,,,,,,,,,,
2026-10-22,Palanas,Application,,,,,,,,,,
2026-10-22,Palanas,Analysis,,,,,,,,,,
2026-10-22,Palanas,Evaluation,,,,,,,,,,
2026-10-22,Palanas,Synthesis,,,,,,,,,,
2026-10-22,Tomagan,Knowledge,,,,,,,,,,
2026-10-22,Tomagan,Understanding,,,,,,,,,,
2026-10-22,Tomagan,Application,,,,,,,,,,
2026-10-22,Tomagan,Analysis,,,,,,,,,,
2026-10-22,Tomagan,Evaluation,,,,,,,,,,
2026-10-22,Tomagan,Synthesis,,,,,,,,,,
2026-10-26,Abesia,Knowledge,,,,,,,,,,
2026-10-26,Abesia,Understanding,,,,,,,,,,
2026-10-26,Abesia,Application,,,,,,,,,,
2026-10-26,Abesia,Analysis,,,,,,,,,,
2026-10-26,Abesia,Evaluation,,,,,,,,,,
2026-10-26,Abesia,Synthesis,,,,,,,,,,
2026-10-26,Mayores,Knowledge,,,,,,,,,,
2026-10-26,Mayores,Understanding,,,,,,,,,,
2026-10-26,Mayores,Application,,,,,,,,,,
2026-10-26,Mayores,Analysis,,,,,,,,,,
2026-10-26,Mayores,Evaluation,,,,,,,,,,
2026-10-26,Mayores,Synthesis,,,,,,,,,,
2026-10-26,Palanas,Knowledge,,,,,,,,,,
2026-10-26,Palanas,Understanding,,,,,,,,,,
2026-10-26,Palanas,Application,,,,,,,,,,
2026-10-26,Palanas,Analysis,,,,,,,,,,
2026-10-26,Palanas,Evaluation,,,,,,,,,,
2026-10-26,Palanas,Synthesis,,,,,,,,,,
2026-10-26,Tomagan,Knowledge,,,,,,,,,,
2026-10-26,Tomagan,Understanding,,,,,,,,,,
2026-10-26,Tomagan,Application,,,,,,,,,,
2026-10-26,Tomagan,Analysis,,,,,,,,,,
2026-10-26,Tomagan,Evaluation,,,,,,,,,,
2026-10-26,Tomagan,Synthesis,,,,,,,,,,
2026-10-29,Abesia,Knowledge,,,,,,,,,,
2026-10-29,Abesia,Understanding,,,,,,,,,,
2026-10-29,Abesia,Application,,,,,,,,,,
2026-10-29,Abesia,Analysis,,,,,,,,,,
2026-10-29,Abesia,Evaluation,,,,,,,,,,
2026-10-29,Abesia,Synthesis,,,,,,,,,,
2026-10-29,Mayores,Knowledge,,,,,,,,,,
2026-10-29,Mayores,Understanding,,,,,,,,,,
2026-10-29,Mayores,Application,,,,,,,,,,
2026-10-29,Mayores,Analysis,,,,,,,,,,
2026-10-29,Mayores,Evaluation,,,,,,,,,,
2026-10-29,Mayores,Synthesis,,,,,,,,,,
2026-10-29,Palanas,Knowledge,,,,,,,,,,
2026-10-29,Palanas,Understanding,,,,,,,,,,
2026-10-29,Palanas,Application,,,,,,,,,,
2026-10-29,Palanas,Analysis,,,,,,,,,,
2026-10-29,Palanas,Evaluation,,,,,,,,,,
2026-10-29,Palanas,Synthesis,,,,,,,,,,
2026-10-29,Tomagan,Knowledge,,,,,,,,,,
2026-10-29,Tomagan,Understanding,,,,,,,,,,
2026-10-29,Tomagan,Application,,,,,,,,,,
2026-10-29,Tomagan,Analysis,,,,,,,,,,
2026-10-29,Tomagan,Evaluation,,,,,,,,,,
2026-10-29,Tomagan,Synthesis,,,,,,,,,,
2026-11-02,Abesia,Knowledge,,,,,,,,,,
2026-11-02,Abesia,Understanding,,,,,,,,,,
2026-11-02,Abesia,Application,,,,,,,,,,
2026-11-02,Abesia,Analysis,,,,,,,,,,
2026-11-02,Abesia,Evaluation,,,,,,,,,,
2026-11-02,Abesia,Synthesis,,,,,,,,,,
2026-11-02,Mayores,Knowledge,,,,,,,,,,
2026-11-02,Mayores,Understanding,,,,,,,,,,
2026-11-02,Mayores,Application,,,,,,,,,,
2026-11-02,Mayores,Analysis,,,,,,,,,,
2026-11-02,Mayores,Evaluation,,,,,,,,,,
2026-11-02,Mayores,Synthesis,,,,,,,,,,
2026-11-02,Palanas,Knowledge,,,,,,,,,,
2026-11-02,Palanas,Understanding,,,,,,,,,,
2026-11-02,Palanas,Application,,,,,,,,,,
2026-11-02,Palanas,Analysis,,,,,,,,,,
2026-11-02,Palanas,Evaluation,,,,,,,,,,
2026-11-02,Palanas,Synthesis,,,,,,,,,,
2026-11-02,Tomagan,Knowledge,,,,,,,,,,
2026-11-02,Tomagan,Understanding,,,,,,,,,,
2026-11-02,Tomagan,Application,,,,,,,,,,
2026-11-02,Tomagan,Analysis,,,,,,,,,,
2026-11-02,Tomagan,Evaluation,,,,,,,,,,
2026-11-02,Tomagan,Synthesis,,,,,,,,,,
2026-11-05,Abesia,Knowledge,,,,,,,,,,
2026-11-05,Abesia,Understanding,,,,,,,,,,
2026-11-05,Abesia,Application,,,,,,,,,,
2026-11-05,Abesia,Analysis,,,,,,,,,,
2026-11-05,Abesia,Evaluation,,,,,,,,,,
2026-11-05,Abesia,Synthesis,,,,,,,,,,
2026-11-05,Mayores,Knowledge,,,,,,,,,,
2026-11-05,Mayores,Understanding,,,,,,,,,,
2026-11-05,Mayores,Application,,,,,,,,,,
2026-11-05,Mayores,Analysis,,,,,,,,,,
2026-11-05,Mayores,Evaluation,,,,,,,,,,
2026-11-05,Mayores,Synthesis,,,,,,,,,,
2026-11-05,Palanas,Knowledge,,,,,,,,,,
2026-11-05,Palanas,Understanding,,,,,,,,,,
2026-11-05,Palanas,Application,,,,,,,,,,
2026-11-05,Palanas,Analysis,,,,,,,,,,
2026-11-05,Palanas,Evaluation,,,,,,,,,,
2026-11-05,Palanas,Synthesis,,,,,,,,,,
2026-11-05,Tomagan,Knowledge,,,,,,,,,,
2026-11-05,Tomagan,Understanding,,,,,,,,,,
2026-11-05,Tomagan,Application,,,,,,,,,,
2026-11-05,Tomagan,Analysis,,,,,,,,,,
2026-11-05,Tomagan,Evaluation,,,,,,,,,,
2026-11-05,Tomagan,Synthesis,,,,,,,,,,
2026-11-09,Abesia,Knowledge,,,,,,,,,,
2026-11-09,Abesia,Understanding,,,,,,,,,,
2026-11-09,Abesia,Application,,,,,,,,,,
2026-11-09,Abesia,Analysis,,,,,,,,,,
2026-11-09,Abesia,Evaluation,,,,,,,,,,
2026-11-09,Abesia,Synthesis,,,,,,,,,,
2026-11-09,Mayores,Knowledge,,,,,,,,,,
2026-11-09,Mayores,Understanding,,,,,,,,,,
2026-11-09,Mayores,Application,,,,,,,,,,
2026-11-09,Mayores,Analysis,,,,,,,,,,
2026-11-09,Mayores,Evaluation,,,,,,,,,,
2026-11-09,Mayores,Synthesis,,,,,,,,,,
2026-11-09,Palanas,Knowledge,,,,,,,,,,
2026-11-09,Palanas,Understanding,,,,,,,,,,
2026-11-09,Palanas,Application,,,,,,,,,,
2026-11-09,Palanas,Analysis,,,,,,,,,,
2026-11-09,Palanas,Evaluation,,,,,,,,,,
2026-11-09,Palanas,Synthesis,,,,,,,,,,
2026-11-09,Tomagan,Knowledge,,,,,,,,,,
2026-11-09,Tomagan,Understanding,,,,,,,,,,
2026-11-09,Tomagan,Application,,,,,,,,,,
2026-11-09,Tomagan,Analysis,,,,,,,,,,
2026-11-09,Tomagan,Evaluation,,,,,,,,,,
2026-11-09,Tomagan,Synthesis,,,,,,,,,,
2026-11-12,Abesia,Knowledge,,,,,,,,,,
2026-11-12,Abesia,Understanding,,,,,,,,,,
2026-11-12,Abesia,Application,,,,,,,,,,
2026-11-12,Abesia,Analysis,,,,,,,,,,
2026-11-12,Abesia,Evaluation,,,,,,,,,,
2026-11-12,Abesia,Synthesis,,,,,,,,,,
2026-11-12,Mayores,Knowledge,,,,,,,,,,
2026-11-12,Mayores,Understanding,,,,,,,,,,
2026-11-12,Mayores,Application,,,,,,,,,,
2026-11-12,Mayores,Analysis,,,,,,,,,,
2026-11-12,Mayores,Evaluation,,,,,,,,,,
2026-11-12,Mayores,Synthesis,,,,,,,,,,
2026-11-12,Palanas,Knowledge,,,,,,,,,,
2026-11-12,Palanas,Understanding,,,,,,,,,,
2026-11-12,Palanas,Application,,,,,,,,,,
2026-11-12,Palanas,Analysis,,,,,,,,,,
2026-11-12,Palanas,Evaluation,,,,,,,,,,
2026-11-12,Palanas,Synthesis,,,,,,,,,,
2026-11-12,Tomagan,Knowledge,,,,,,,,,,
2026-11-12,Tomagan,Understanding,,,,,,,,,,
2026-11-12,Tomagan,Application,,,,,,,,,,
2026-11-12,Tomagan,Analysis,,,,,,,,,,
2026-11-12,Tomagan,Evaluation,,,,,,,,,,
2026-11-12,Tomagan,Synthesis,,,,,,,,,,
2026-11-16,Abesia,Knowledge,,,,,,,,,,
2026-11-16,Abesia,Understanding,,,,,,,,,,
2026-11-16,Abesia,Application,,,,,,,,,,
2026-11-16,Abesia,Analysis,,,,,,,,,,
2026-11-16,Abesia,Evaluation,,,,,,,,,,
2026-11-16,Abesia,Synthesis,,,,,,,,,,
2026-11-16,Mayores,Knowledge,,,,,,,,,,
2026-11-16,Mayores,Understanding,,,,,,,,,,
2026-11-16,Mayores,Application,,,,,,,,,,
2026-11-16,Mayores,Analysis,,,,,,,,,,
2026-11-16,Mayores,Evaluation,,,,,,,,,,
2026-11-16,Mayores,Synthesis,,,,,,,,,,
2026-11-16,Palanas,Knowledge,,,,,,,,,,
2026-11-16,Palanas,Understanding,,,,,,,,,,
2026-11-16,Palanas,Application,,,,,,,,,,
2026-11-16,Palanas,Analysis,,,,,,,,,,
2026-11-16,Palanas,Evaluation,,,,,,,,,,
2026-11-16,Palanas,Synthesis,,,,,,,,,,
2026-11-16,Tomagan,Knowledge,,,,,,,,,,
2026-11-16,Tomagan,Understanding,,,,,,,,,,
2026-11-16,Tomagan,Application,,,,,,,,,,
2026-11-16,Tomagan,Analysis,,,,,,,,,,
2026-11-16,Tomagan,Evaluation,,,,,,,,,,
2026-11-16,Tomagan,Synthesis,,,,,,,,,,
2026-11-19,Abesia,Knowledge,,,,,,,,,,
2026-11-19,Abesia,Understanding,,,,,,,,,,
2026-11-19,Abesia,Application,,,,,,,,,,
2026-11-19,Abesia,Analysis,,,,,,,,,,
2026-11-19,Abesia,Evaluation,,,,,,,,,,
2026-11-19,Abesia,Synthesis,,,,,,,,,,
2026-11-19,Mayores,Knowledge,,,,,,,,,,
2026-11-19,Mayores,Understanding,,,,,,,,,,
2026-11-19,Mayores,Application,,,,,,,,,,
2026-11-19,Mayores,Analysis,,,,,,,,,,
2026-11-19,Mayores,Evaluation,,,,,,,,,,
2026-11-19,Mayores,Synthesis,,,,,,,,,,
2026-11-19,Palanas,Knowledge,,,,,,,,,,
2026-11-19,Palanas,Understanding,,,,,,,,,,
2026-11-19,Palanas,Application,,,,,,,,,,
2026-11-19,Palanas,Analysis,,,,,,,,,,
2026-11-19,Palanas,Evaluation,,,,,,,,,,
2026-11-19,Palanas,Synthesis,,,,,,,,,,
2026-11-19,Tomagan,Knowledge,,,,,,,,,,
2026-11-19,Tomagan,Understanding,,,,,,,,,,
2026-11-19,Tomagan,Application,,,,,,,,,,
2026-11-19,Tomagan,Analysis,,,,,,,,,,
2026-11-19,Tomagan,Evaluation,,,,,,,,,,
2026-11-19,Tomagan,Synthesis,,,,,,,,,,
2026-11-23,Abesia,Knowledge,,,,,,,,,,
2026-11-23,Abesia,Understanding,,,,,,,,,,
2026-11-23,Abesia,Application,,,,,,,,,,
2026-11-23,Abesia,Analysis,,,,,,,,,,
2026-11-23,Abesia,Evaluation,,,,,,,,,,
2026-11-23,Abesia,Synthesis,,,,,,,,,,
2026-11-23,Mayores,Knowledge,,,,,,,,,,
2026-11-23,Mayores,Understanding,,,,,,,,,,
2026-11-23,Mayores,Application,,,,,,,,,,
2026-11-23,Mayores,Analysis,,,,,,,,,,
2026-11-23,Mayores,Evaluation,,,,,,,,,,
2026-11-23,Mayores,Synthesis,,,,,,,,,,
2026-11-23,Palanas,Knowledge,,,,,,,,,,
2026-11-23,Palanas,Understanding,,,,,,,,,,
2026-11-23,Palanas,Application,,,,,,,,,,
2026-11-23,Palanas,Analysis,,,,,,,,,,
2026-11-23,Palanas,Evaluation,,,,,,,,,,
2026-11-23,Palanas,Synthesis,,,,,,,,,,
2026-11-23,Tomagan,Knowledge,,,,,,,,,,
2026-11-23,Tomagan,Understanding,,,,,,,,,,
2026-11-23,Tomagan,Application,,,,,,,,,,
2026-11-23,Tomagan,Analysis,,,,,,,,,,
2026-11-23,Tomagan,Evaluation,,,,,,,,,,
2026-11-23,Tomagan,Synthesis,,,,,,,,,,
2026-11-26,Abesia,Knowledge,,,,,,,,,,
2026-11-26,Abesia,Understanding,,,,,,,,,,
2026-11-26,Abesia,Application,,,,,,,,,,
2026-11-26,Abesia,Analysis,,,,,,,,,,
2026-11-26,Abesia,Evaluation,,,,,,,,,,
2026-11-26,Abesia,Synthesis,,,,,,,,,,
2026-11-26,Mayores,Knowledge,,,,,,,,,,
2026-11-26,Mayores,Understanding,,,,,,,,,,
2026-11-26,Mayores,Application,,,,,,,,,,
2026-11-26,Mayores,Analysis,,,,,,,,,,
2026-11-26,Mayores,Evaluation,,,,,,,,,,
2026-11-26,Mayores,Synthesis,,,,,,,,,,
2026-11-26,Palanas,Knowledge,,,,,,,,,,
2026-11-26,Palanas,Understanding,,,,,,,,,,
2026-11-26,Palanas,Application,,,,,,,,,,
2026-11-26,Palanas,Analysis,,,,,,,,,,
2026-11-26,Palanas,Evaluation,,,,,,,,,,
2026-11-26,Palanas,Synthesis,,,,,,,,,,
2026-11-26,Tomagan,Knowledge,,,,,,,,,,
2026-11-26,Tomagan,Understanding,,,,,,,,,,
2026-11-26,Tomagan,Application,,,,,,,,,,
2026-11-26,Tomagan,Analysis,,,,,,,,,,
2026-11-26,Tomagan,Evaluation,,,,,,,,,,
2026-11-26,Tomagan,Synthesis,,,,,,,,,,
2026-11-30,Abesia,Knowledge,,,,,,,,,,
2026-11-30,Abesia,Understanding,,,,,,,,,,
2026-11-30,Abesia,Application,,,,,,,,,,
2026-11-30,Abesia,Analysis,,,,,,,,,,
2026-11-30,Abesia,Evaluation,,,,,,,,,,
2026-11-30,Abesia,Synthesis,,,,,,,,,,
2026-11-30,Mayores,Knowledge,,,,,,,,,,
2026-11-30,Mayores,Understanding,,,,,,,,,,
2026-11-30,Mayores,Application,,,,,,,,,,
2026-11-30,Mayores,Analysis,,,,,,,,,,
2026-11-30,Mayores,Evaluation,,,,,,,,,,
2026-11-30,Mayores,Synthesis,,,,,,,,,,
2026-11-30,Palanas,Knowledge,,,,,,,,,,
2026-11-30,Palanas,Understanding,,,,,,,,,,
2026-11-30,Palanas,Application,,,,,,,,,,
2026-11-30,Palanas,Analysis,,,,,,,,,,
2026-11-30,Palanas,Evaluation,,,,,,,,,,
2026-11-30,Palanas,Synthesis,,,,,,,,,,
2026-11-30,Tomagan,Knowledge,,,,,,,,,,
2026-11-30,Tomagan,Understanding,,,,,,,,,,
2026-11-30,Tomagan,Application,,,,,,,,,,
2026-11-30,Tomagan,Analysis,,,,,,,,,,
2026-11-30,Tomagan,Evaluation,,,,,,,,,,
2026-11-30,Tomagan,Synthesis,,,,,,,,,,
2026-12-03,Abesia,Knowledge,,,,,,,,,,
2026-12-03,Abesia,Understanding,,,,,,,,,,
2026-12-03,Abesia,Application,,,,,,,,,,
2026-12-03,Abesia,Analysis,,,,,,,,,,
2026-12-03,Abesia,Evaluation,,,,,,,,,,
2026-12-03,Abesia,Synthesis,,,,,,,,,,
2026-12-03,Mayores,Knowledge,,,,,,,,,,
2026-12-03,Mayores,Understanding,,,,,,,,,,
2026-12-03,Mayores,Application,,,,,,,,,,
2026-12-03,Mayores,Analysis,,,,,,,,,,
2026-12-03,Mayores,Evaluation,,,,,,,,,,
2026-12-03,Mayores,Synthesis,,,,,,,,,,
2026-12-03,Palanas,Knowledge,,,,,,,,,,
2026-12-03,Palanas,Understanding,,,,,,,,,,
2026-12-03,Palanas,Application,,,,,,,,,,
2026-12-03,Palanas,Analysis,,,,,,,,,,
2026-12-03,Palanas,Evaluation,,,,,,,,,,
2026-12-03,Palanas,Synthesis,,,,,,,,,,
2026-12-03,Tomagan,Knowledge,,,,,,,,,,
2026-12-03,Tomagan,Understanding,,,,,,,,,,
2026-12-03,Tomagan,Application,,,,,,,,,,
2026-12-03,Tomagan,Analysis,,,,,,,,,,
2026-12-03,Tomagan,Evaluation,,,,,,,,,,
2026-12-03,Tomagan,Synthesis,,,,,,,,,,